peopleinbooks_abs.xml,
peopleinbooks_abs_001.xml,120017053.tif
peopleinbooks_ahg.xml,
peopleinbooks_ahg_005.xml,X893.15_C73_005b.tif
peopleinbooks_amu.xml,
peopleinbooks_amu_000.xml,120017154.tif
peopleinbooks_ari.xml,
peopleinbooks_ari_021.xml,120017003.tif
peopleinbooks_ari_031.xml,120017002.tif
peopleinbooks_ari_033.xml,120017001.tif
peopleinbooks_ari_099.xml,120017004.tif
peopleinbooks_aso.xml,
peopleinbooks_aso_030.xml,X893_AL1_034.tif
peopleinbooks_aso_089.xml,X893_AL1_095.tif
peopleinbooks_ath.xml,
peopleinbooks_ath_011.xml,X893_J152_011a.tif
peopleinbooks_atm.xml,
peopleinbooks_atm_068.xml,120017126.tif
peopleinbooks_bau.xml,
peopleinbooks_bau_000.xml,120017162.tif
peopleinbooks_bcd.xml,
peopleinbooks_bcd_000.xml,120017078.tif
peopleinbooks_bea.xml,
peopleinbooks_bea_006.xml,120017117.tif
peopleinbooks_bmh.xml,
peopleinbooks_bmh_000.xml,120017009.tif
peopleinbooks_bmh_080.xml,120017007.tif
peopleinbooks_bmh_081.xml,120017008.tif
peopleinbooks_bmh_099.xml,120017010.tif
peopleinbooks_bsh.xml,
peopleinbooks_bsh_000.xml,120017137.tif
peopleinbooks_bsh_001.xml,120017138.tif
peopleinbooks_bsh_099.xml,120017139.tif
peopleinbooks_cca.xml,
peopleinbooks_cca_001.xml,120017140.tif
peopleinbooks_cca_002.xml,120017141.tif
peopleinbooks_cdd.xml,
peopleinbooks_cdd_000.xml,120017018.tif
peopleinbooks_cdd_001.xml,120017019.tif
peopleinbooks_cdt.xml,
peopleinbooks_cdt_013.xml,X86_C12_014.tif
peopleinbooks_cdt_016.xml,X86_C12_017.tif
peopleinbooks_cdt_099.xml,X86_C12_031.tif
peopleinbooks_com.xml,
peopleinbooks_com_000.xml,120017102.tif
peopleinbooks_com_001.xml,120017103.tif
peopleinbooks_csv.xml,
peopleinbooks_csv_036.xml,120017037.tif
peopleinbooks_csv_099.xml,120017038.tif
peopleinbooks_deh.xml,
peopleinbooks_deh_000.xml,120017157.tif
peopleinbooks_der.xml,
peopleinbooks_der_000.xml,120017057.tif
peopleinbooks_dhh.xml,
peopleinbooks_dhh_000.xml,120017146.tif
peopleinbooks_dhh_002.xml,120017145.tif
peopleinbooks_dlr.xml,
peopleinbooks_dlr_000.xml,5598.tif
peopleinbooks_dyn.xml,
peopleinbooks_dyn_001.xml,120017034.tif
peopleinbooks_ehs.xml,
peopleinbooks_ehs_001.xml,120017121.tif
peopleinbooks_ess.xml,
peopleinbooks_ess_020.xml,120017079.tif
peopleinbooks_ess_026.xml,120017080.tif
peopleinbooks_eyn.xml,
peopleinbooks_eyn_099.xml,120017124.tif
peopleinbooks_gah.xml,
peopleinbooks_gah_094.xml,120017063.tif
peopleinbooks_has.xml,
peopleinbooks_has_001.xml,120017135.tif
peopleinbooks_has_002.xml,120017136.tif
peopleinbooks_hhh.xml,
peopleinbooks_hhh_000.xml,120017046.tif
peopleinbooks_hma.xml,
peopleinbooks_hma_001.xml,120017035.tif
peopleinbooks_hma_097.xml,120017036.tif
peopleinbooks_hmm.xml,
peopleinbooks_hmm_000.xml,120017072.tif
peopleinbooks_hmm_008.xml,120017071.tif
peopleinbooks_hnb.xml,
peopleinbooks_hnb_000.xml,120017070.tif
peopleinbooks_hsa.xml,
peopleinbooks_hsa_000.xml,120017026.tif
peopleinbooks_hsa_002.xml,120017027.tif
peopleinbooks_hyy.xml,
peopleinbooks_hyy_003.xml,120017096.tif
peopleinbooks_hyy_018.xml,120017097.tif
peopleinbooks_hyy_098.xml,120017098.tif
peopleinbooks_hyy_099.xml,120017099.tif
peopleinbooks_ibe.xml,
peopleinbooks_ibe_004.xml,120017023.tif
peopleinbooks_ibe_019.xml,120017022.tif
peopleinbooks_ieh.xml,
peopleinbooks_ieh_003.xml,120017128.tif
peopleinbooks_ige.xml,
peopleinbooks_ige_001.xml,120017021.tif
peopleinbooks_igr.xml,
peopleinbooks_igr_051.xml,120017064.tif
peopleinbooks_ima.xml,
peopleinbooks_ima_044.xml,X893_J5169_044.tif
peopleinbooks_ima_045.xml,X893_J5169_045.tif
peopleinbooks_ina.xml,
peopleinbooks_ina_001.xml,120017147.tif
peopleinbooks_isi.xml,
peopleinbooks_isi_000.xml,120017160.tif
peopleinbooks_keb.xml,
peopleinbooks_keb_000.xml,120017156.tif
peopleinbooks_ket.xml,
peopleinbooks_ket_000.xml,120017155.tif
peopleinbooks_keu.xml,
peopleinbooks_keu_000.xml,100168009.tif
peopleinbooks_kha.xml,
peopleinbooks_kha_020.xml,120017113.tif
peopleinbooks_kin.xml,
peopleinbooks_kin_000.xml,120017161.tif
peopleinbooks_kkh.xml,
peopleinbooks_kkh_000.xml,120017112.tif
peopleinbooks_kst.xml,
peopleinbooks_kst_047.xml,120017013.tif
peopleinbooks_lal.xml,
peopleinbooks_lal_007.xml,X893_H11_008.tif
peopleinbooks_lal_038.xml,X893_H11_039.tif
peopleinbooks_mah.xml,
peopleinbooks_mah_099.xml,120017159.tif
peopleinbooks_map.xml,
peopleinbooks_map_099.xml,120017065.tif
peopleinbooks_meb.xml,
peopleinbooks_meb_000.xml,120017164.tif
peopleinbooks_mes.xml,
peopleinbooks_mes_000.xml,SMITH_HEB_11_002.tif
peopleinbooks_mes_001.xml,SMITH_HEB_11_001.tif
peopleinbooks_mhm.xml,
peopleinbooks_mhm_001.xml,120017066.tif
peopleinbooks_mlk.xml,
peopleinbooks_mlk_005.xml,120017074.tif
peopleinbooks_mlk_029.xml,120017073.tif
peopleinbooks_mls.xml,
peopleinbooks_mls_027.xml,120017039.tif
peopleinbooks_mls_098.xml,120017040.tif
peopleinbooks_mls_099.xml,120017041.tif
peopleinbooks_mml.xml,
peopleinbooks_mml_084.xml,120017017.tif
peopleinbooks_mnk.xml,
peopleinbooks_mnk_001.xml,X893.15_M28_002.tif
peopleinbooks_mrb.xml,
peopleinbooks_mrb_005.xml,120017104.tif
peopleinbooks_mrb_006.xml,120017105.tif
peopleinbooks_mrb_007.xml,120017106.tif
peopleinbooks_mro.xml,
peopleinbooks_mro_001.xml,120017122.tif
peopleinbooks_msa.xml,
peopleinbooks_msa_000.xml,120017101.tif
peopleinbooks_msm.xml,
peopleinbooks_msm_023.xml,120017123.tif
peopleinbooks_mts.xml,
peopleinbooks_mts_006.xml,120017061.tif
peopleinbooks_mye.xml,
peopleinbooks_mye_001.xml,120017114.tif
peopleinbooks_mzm.xml,
peopleinbooks_mzm_000.xml,120017060.tif
peopleinbooks_mzm_002.xml,120017059.tif
peopleinbooks_mzt.xml,
peopleinbooks_mzt_003.xml,120017062.tif
peopleinbooks_nhk.xml,
peopleinbooks_nhk_000.xml,120017058.tif
peopleinbooks_num.xml,
peopleinbooks_num_001.xml,120017012.tif
peopleinbooks_num_002.xml,120017011.tif
peopleinbooks_oei.xml,
peopleinbooks_oei_001.xml,X893_B476_002.tif
peopleinbooks_ohb.xml,
peopleinbooks_ohb_000.xml,120017091.tif
peopleinbooks_ohb_004.xml,120017088.tif
peopleinbooks_ohb_005.xml,120017089.tif
peopleinbooks_ohb_006.xml,120017090.tif
peopleinbooks_ohy.xml,
peopleinbooks_ohy_000.xml,120017107.tif
peopleinbooks_pab.xml,
peopleinbooks_pab_001.xml,120017020.tif
peopleinbooks_pan.xml,
peopleinbooks_pan_099.xml,120017163.tif
peopleinbooks_pha.xml,
peopleinbooks_pha_001.xml,X893_B479_002.tif
peopleinbooks_phm.xml,
peopleinbooks_phm_018.xml,X893_M28_018a.tif
peopleinbooks_phs.xml,
peopleinbooks_phs_000.xml,X893.1N_Z6_V1_2b.tif
peopleinbooks_pir.xml,
peopleinbooks_pir_002.xml,X893_AS3_2a.tif
peopleinbooks_pmm.xml,
peopleinbooks_pmm_001.xml,120017082.tif
peopleinbooks_pmm_009.xml,120017081.tif
peopleinbooks_pny.xml,
peopleinbooks_pny_000.xml,120017165.tif
peopleinbooks_pra.xml,
peopleinbooks_pra_001.xml,120017158.tif
peopleinbooks_pro.xml,
peopleinbooks_pro_071.xml,120017143.tif
peopleinbooks_ptl.xml,
peopleinbooks_ptl_000.xml,120017133.tif
peopleinbooks_ptl_001.xml,120017132.tif
peopleinbooks_pyb.xml,
peopleinbooks_pyb_099.xml,120017127.tif
peopleinbooks_rdn.xml,
peopleinbooks_rdn_001.xml,X893.19_P41_001a.tif
peopleinbooks_rna.xml,
peopleinbooks_rna_001.xml,120017116.tif
peopleinbooks_rsa.xml,
peopleinbooks_rsa_007.xml,120017067.tif
peopleinbooks_sak.xml,
peopleinbooks_sak_000.xml,120017111.tif
peopleinbooks_ser.xml,
peopleinbooks_ser_009.xml,120017005.tif
peopleinbooks_ser_099.xml,120017006.tif
peopleinbooks_sev.xml,
peopleinbooks_sev_000.xml,120017086.tif
peopleinbooks_sev_001.xml,120017087.tif
peopleinbooks_sev_023.xml,100168001.tif
peopleinbooks_sha.xml,
peopleinbooks_sha_004.xml,120017025.tif
peopleinbooks_sha_099.xml,120017024.tif
peopleinbooks_shg.xml,
peopleinbooks_shg_098.xml,120017108.tif
peopleinbooks_shh.xml,
peopleinbooks_shh_009.xml,120017031.tif
peopleinbooks_shh_011.xml,120017030.tif
peopleinbooks_shi.xml,
peopleinbooks_shi_009.xml,120017118.tif
peopleinbooks_shl.xml,
peopleinbooks_shl_099.xml,120017142.tif
peopleinbooks_shn.xml,
peopleinbooks_shn_000.xml,120017083.tif
peopleinbooks_shn_004.xml,120017084.tif
peopleinbooks_shn_005.xml,120017085.tif
peopleinbooks_sho.xml,
peopleinbooks_sho_012.xml,120017014.tif
peopleinbooks_sho_015.xml,120017015.tif
peopleinbooks_sho_096.xml,120017016.tif
peopleinbooks_sho_099.xml,120017166.tif
peopleinbooks_shr.xml,
peopleinbooks_shr_051.xml,120017134.tif
peopleinbooks_shs.xml,
peopleinbooks_shs_001.xml,120017076.tif
peopleinbooks_shs_020.xml,120017075.tif
peopleinbooks_shy.xml,
peopleinbooks_shy_000.xml,120017100.tif
peopleinbooks_ske.xml,
peopleinbooks_ske_000.xml,120017110.tif
peopleinbooks_skr.xml,
peopleinbooks_skr_001.xml,120017153.tif
peopleinbooks_skr_002.xml,120017152.tif
peopleinbooks_skr_003.xml,120017150.tif
peopleinbooks_skr_004.xml,120017151.tif
peopleinbooks_skr_099.xml,120017149.tif
peopleinbooks_sle.xml,
peopleinbooks_sle_000.xml,120017077.tif
peopleinbooks_slh.xml,
peopleinbooks_slh_012.xml,120017119.tif
peopleinbooks_slh_013.xml,120017120.tif
peopleinbooks_slo.xml,
peopleinbooks_slo_000.xml,120017043.tif
peopleinbooks_sna.xml,
peopleinbooks_sna_029.xml,120017125.tif
peopleinbooks_soh.xml,
peopleinbooks_soh_001.xml,120017028.tif
peopleinbooks_soh_016.xml,120017029.tif
peopleinbooks_srt.xml,
peopleinbooks_srt_001.xml,120017033.tif
peopleinbooks_srt_028.xml,120017032.tif
peopleinbooks_ssm.xml,
peopleinbooks_ssm_019.xml,120017129.tif
peopleinbooks_ssy.xml,
peopleinbooks_ssy_000.xml,120017130.tif
peopleinbooks_ssy_099.xml,120017131.tif
peopleinbooks_sts.xml,
peopleinbooks_sts_006.xml,120017056.tif
peopleinbooks_sup.xml,
peopleinbooks_sup_000.xml,120017109.tif
peopleinbooks_svd.xml,
peopleinbooks_svd_000.xml,X893_J71_004.tif
peopleinbooks_svd_001.xml,X893_J71_040.tif
peopleinbooks_svd_002.xml,X893_J71_001.tif
peopleinbooks_szb.xml,
peopleinbooks_szb_000.xml,120017054.tif
peopleinbooks_szb_001.xml,120017055.tif
peopleinbooks_tal.xml,
peopleinbooks_tal_032.xml,120017049.tif
peopleinbooks_tal_036.xml,120017050.tif
peopleinbooks_tde.xml,
peopleinbooks_tde_000.xml,120017144.tif
peopleinbooks_tdl.xml,
peopleinbooks_tdl_001.xml,120017069.tif
peopleinbooks_tdl_067.xml,120017068.tif
peopleinbooks_tek.xml,
peopleinbooks_tek_040.xml,120040_X893_L979_089.tif
peopleinbooks_tek_041.xml,120017167.tif
peopleinbooks_tel.xml,
peopleinbooks_tel_000.xml,Avery_3759_01.tif
peopleinbooks_tho.xml,
peopleinbooks_tho_099.xml,dkv_hebrew_37.tif
peopleinbooks_tik.xml,
peopleinbooks_tik_099.xml,120017148.tif
peopleinbooks_tln.xml,
peopleinbooks_tln_002.xml,120017042.tif
peopleinbooks_tls.xml,
peopleinbooks_tls_000.xml,120017051.tif
peopleinbooks_tls_001.xml,120017052.tif
peopleinbooks_tme.xml,
peopleinbooks_tme_099.xml,X893.1N_Z6_V4_2b.tif
peopleinbooks_tmm.xml,
peopleinbooks_tmm_031.xml,X893_T141_037.tif
peopleinbooks_tna.xml,
peopleinbooks_tna_001.xml,120017045.tif
peopleinbooks_tna_002.xml,120017044.tif
peopleinbooks_tnu.xml,
peopleinbooks_tnu_027.xml,X893_B4796_1a.tif
peopleinbooks_tsm.xml,
peopleinbooks_tsm_010.xml,120017115.tif
peopleinbooks_tub.xml,
peopleinbooks_tub_000.xml,120017048.tif
peopleinbooks_tub_001.xml,120017047.tif
peopleinbooks_tup.xml,
peopleinbooks_tup_005.xml,X893_J522_006.tif
peopleinbooks_tup_009.xml,X893_J522_010.tif
peopleinbooks_tyk.xml,
peopleinbooks_tyk_001.xml,SMITH_HEB_4_Col_1-2.tif
peopleinbooks_tyk_002.xml,SMITH_HEB_4_001.tif
peopleinbooks_uid.xml,
peopleinbooks_uid_000.xml,120017092.tif
peopleinbooks_uid_001.xml,120017093.tif
peopleinbooks_uid_002.xml,120017094.tif
peopleinbooks_uid_003.xml,120017168.tif
peopleinbooks_uid_004.xml,120017095.tif